threshold_name,threshold,test_anomaly_rate,n_test_anomalies
val_positive_q95,0.08636423675591212,0.09598853868194843,67
val_positive_q98,0.13257013793622136,0.06876790830945559,48
