group_col,group_value,n,mae,rmse,r2,anomaly_rate,mean_residual
Drive Wheels,FWD,698,0.06695865829022947,0.13324230969462472,0.5376686933535506,0.09598853868194843,0.004010580023770484
