split,mae,rmse,r2,n_trips,n_anomalies,anomaly_rate
test,0.06695865829022947,0.13324230969462472,0.5376686933535506,698,41,0.05873925501432665
